30040.2,17000.6,25.8179,-95.6051,0.109941,1077.98,1902.39
42169,24181.3,27.9495,-96.0649,0.112807,902.376,1886.41
34505.4,19784.1,37.5459,-95.4785,0.100465,1075.52,1999.59
39651.4,22715.7,30,-95.7957,0.0964003,1071.38,1956.57
4425.79,2486.46,24.5243,-86.8551,0.0951909,1064.06,4010.86
3909.74,2170.34,28.0106,-86.5732,0.0887293,1057.41,3483.56
3687.82,1953.01,54.8721,-86.9584,0.0844087,1249.61,1850.94
4236.4,2400.91,29.9608,-87.0641,0.0872687,1100.65,1600.26
6475.81,3701.66,28.6403,-88.45,0.0729897,1184.72,2212.07
11244.5,6356.13,68.5816,-89.7808,0.0713818,1170.73,2098.52
22255.2,12757.3,37.8428,-88.1271,0.0662856,1214.45,1981.42
14893.8,8427.42,53.8734,-91.7283,0.0841897,1192.66,3292.52
12752.3,7300.57,31.0184,-88.5252,0.0711735,1169.5,2007.22
9409.55,5335.18,31.0365,-88.9028,0.114148,1079.35,3438.36
11383,6525.3,25.7078,-89.3676,0.0624785,1168.44,1818.15
10676.7,6135.56,13.751,-99.1538,0.144171,1262.35,3787.56
8373.58,4836.07,15.1667,-99.667,0.147054,1063.08,3588.55
4722.9,2669.63,20.9909,-99.4949,0.182958,1170.34,2721.7
8431.99,4773.68,16.3609,-99.6324,0.168257,1340.95,4074.35
4727.54,2688.62,13.9455,-100.854,0.187136,1464.92,2627.3
5837.58,3357.56,16.7214,-100.706,0.162342,1331.4,3983.45
16839.3,9557.63,26.0855,-91.3528,0.0744202,1028.65,1682.18
14757.2,8324.69,23.6006,-96.5283,0.0801597,1053.56,1703.15
14145.3,8000.26,26.8,-97.7788,0.0774527,1072.02,1658.51
15352.1,8837.36,24.4451,-90.0703,0.0981517,1053.24,3343.59
10739.6,6214.4,23.2806,-88.6726,0.0824214,984.008,2321.78
71895.8,41337.9,27.1704,-90.1935,0.0884832,1410.64,2274.13
25927.8,14746.5,25.9765,-93.0593,0.0827707,1454.78,1930.03
51858.3,29718.3,62.9865,-88.1379,0.0896901,1387.91,1880.41
53911.1,31044.6,58.6068,-93.774,0.0828771,1318.18,2452.78
59751.3,33934.7,26.3153,-90.6964,0.0860511,1198.03,2486.58
16571,9348.05,30.6011,-94.665,0.113876,655.443,3360.66
17390.8,9741.31,25.3678,-90.4086,0.101791,1150.2,2101.88
23874.9,13824.1,28.2229,-85.6013,0.0504791,1357.05,1977.6
21552.8,12468.7,73.6486,-89.6347,0.0650833,1298.72,1998.62
15587.2,8918.57,25.9277,-88.007,0.0596069,1317.74,1953.21
19842.8,11478.8,27.8821,-85.2278,0.0719366,1326.02,1986.96
18229.7,10381.8,26.6848,-84.265,0.0664429,1143.74,1988.6
21677.3,12451.4,59.5184,-85.3627,0.0598651,1186.8,2022.55
9468.95,5440.87,43.1281,-81.5931,0.0685311,1219.24,2008.67
2951.04,1706.83,23,-85.6303,0.0680603,1252.31,1952.36
18074,10469.4,29.5361,-95.0356,0.17344,1100.49,7271.87
20157,11651.8,28.2349,-92.9082,0.170783,1142.14,6750.88
21042.1,11846.2,24.8563,-94.3143,0.0876631,1124.57,5686.41
24543.3,13942.9,25.1373,-94.3574,0.0908064,1144.6,3518.87
20972.1,11724.9,22.5833,-93.3021,0.0782141,1105.82,1769.42
20656.2,11901.6,23.6375,-94.0036,0.0832093,1143.31,1831.38
19066.7,10877.6,27.27,-95.1613,0.0791228,1114.4,1500.58
15094,8457.57,58.6171,-95.5884,0.0824848,1133.03,1864.98
22953.7,12797.4,23.7748,-93.6106,0.0837682,1144.02,1847.81
14870,8383.35,30.0829,-93.0431,0.0843524,1142.34,1840.63
20947.6,11760.4,29.4417,-93.6767,0.0850292,1131.34,1832.44
9497.6,5445.27,22.5045,-93.1305,0.0942439,1160.14,1836.99
8167.6,4586.62,60.3457,-95.0971,0.0900251,1130.7,3493.32
12400.8,6896.25,51.0174,-93.3516,0.0892263,1134.49,1832.84
6821.19,3866.01,24.9592,-88.4745,0.0783533,1175.73,1846.35
6064.33,3421.61,25.2366,-87.4351,0.0761008,1137.2,3455.65
5761.38,3277.34,68.96,-89.0691,0.0756458,1064.74,1918.15
5953.88,3307.7,71.2812,-90.1248,0.0739984,1073.43,1944.73
5782.81,3286.47,67.64,-90.2461,0.0690205,1185.51,2256.29
6329.85,3643.62,66.708,-89.8477,0.0597072,1246.78,2143.07
21121.6,11987,25.6562,-88.9874,0.0581017,979.877,2051.88
30813.7,17701.2,45.6561,-94.2107,0.0619682,1197.22,1948.88
26454.6,14991.2,63.0283,-96.566,0.0646721,1259.3,1892.26
16677.7,9478.7,23.7712,-89.2111,0.0564306,1099.03,2316.16
15375.8,8892.83,30.8909,-94.2486,0.0628601,1176.76,2241.37
22173.2,12705.5,23.0339,-92.2436,0.0560252,1183.36,2157.73
37180.9,21453.9,31.9659,-96.3812,0.0911973,1187.53,6897.41
7153.32,3904.22,26.8867,-94.3425,0.107408,1260.96,7725.9
20502.6,11739.1,40.5744,-92.8369,0.0944969,1233.3,3943
17603.4,10095.1,66.0775,-93.1895,0.0734798,1343.57,1923.59
30261,17418.8,45.9194,-91.97,0.0672445,1365.7,1608.05
55924.6,32209.6,65.8838,-92.5927,0.0663293,1319.83,1617.9
28653.5,16558.2,27.9885,-91.3343,0.0671601,1349.89,1610.21
26613.7,15154.4,25.7681,-92.4702,0.0752389,1209.36,1860.72
13172.8,7467.18,24.5625,-90.9461,0.0743352,1176.07,1836.47
15542.4,8905.34,24.1341,-90.8741,0.0707775,1212.86,1706.4
13237.5,7515.04,28.1217,-91.0609,0.0771325,1179.36,1835.65
13178.8,7569.77,58.4539,-92.6311,0.071314,1207.32,1912.14
12371,7022.57,54.3484,-92.3852,0.0729571,1209.37,1846.38
13247.1,7505.5,22.4276,-91.0065,0.0747268,1188.4,1528.89
16269.9,9263.64,26.9043,-91.4147,0.070306,1211.04,1846.85
15974.3,9204.36,27.4031,-88.6132,0.102531,1182.63,2077.49
6710.08,3776.78,24.7196,-93.9089,0.111391,1201.81,2327.63
3764.64,2115.58,14.0508,-93.8292,0.136265,1052.89,2081.76
4397.17,2466.83,11.6019,-93.7368,0.133103,1048.53,1872.11
19574.7,11165,32.3215,-90.1577,0.0731094,1169.74,1665.03
15810.2,9063,55.1332,-90.2589,0.0748286,1253.23,1409.88
3544.43,2005.9,21,-89.0876,0.0709341,1082.02,1855.76
3725.61,2153.45,25.1364,-90.4902,0.071599,1080.95,1868.91
13186.5,7425.27,21.8725,-89.0178,0.0785429,1166.33,1399.1
21002,12124.8,24.2181,-90.2592,0.0807485,1138.47,1615.37
6857.49,3877.14,25.5901,-87.7897,0.0749531,1155.89,1678.45
23326,13470.5,23.256,-89.9768,0.0549485,1051.07,1617.5
26346.5,15108.9,42.3629,-103.056,0.0678747,1204.38,1751.49
24421.8,13987.2,30.2509,-87.8215,0.053568,1070.52,1529.18
21488.6,12085.8,23.0549,-102.687,0.0675329,1212.25,1764.94
29562.8,16840.6,28.2662,-92.2585,0.0662506,1123.02,1764.97
20518.7,11608.6,35.2982,-92.2568,0.0685556,1114.7,2055.88
30769.5,17590.1,28.072,-92.7889,0.068176,1132.31,2046.67
13553.5,7711.1,33.0032,-89.0026,0.216875,2541.3,5293.64
11293.6,6342.86,23.3164,-89.7705,0.213026,2492.87,5448.32
9796.24,5548.37,54.2277,-88.1677,0.215379,2523.77,5320.26
9465.37,5315.84,56.7037,-88.2412,0.212921,2471.19,5299.37
14260.8,8215.5,54.5244,-88.8465,0.220978,2575.39,5330.93
10383.7,5956.46,27.5333,-88.3454,0.214335,2500.48,5317.04
24860.6,14243.1,31.6122,-94.4621,0.187863,4213.14,5068.23
39420.8,22866.6,27.9691,-94.2722,0.188416,3689.59,6159.91
27184.4,15749.1,60.7409,-93.5539,0.189528,3240.84,6257.3
27196.7,15725.6,33.0311,-94.7726,0.18688,4127.58,5960.28
23564.7,13500.2,58.734,-94.4337,0.187174,4203.58,5023.07
25862.5,14959.4,57.3986,-93.8395,0.187729,4267.94,5061.93
24615.3,14240.8,27.7072,-92.3645,0.187159,3597.74,6204.85
23443.5,13388.1,30.318,-90.3108,0.179081,3913.23,4577.53
24646.3,14275.4,32.8897,-91.4563,0.186456,3950.14,5832.48
20950.5,12145.1,37.6958,-91.3661,0.183667,4089.38,4914.64
54437.7,31600.6,33.4927,-95.9399,0.186394,4104.88,5884.19
19698.3,11370,30.6722,-92.6263,0.184534,4151.19,5017.34
18249.9,10467.4,26.4036,-94.8218,0.209125,4545.44,5284.44
24752.1,14350.2,39.9298,-95.2171,0.208005,4452.59,5273.41
18433.1,10511.8,30.509,-94.2838,0.209742,4488.75,6214.14
30105.7,17271.5,27.2194,-96.0466,0.208809,4546.11,5405.76
14428.1,8256.1,62.7771,-92.8221,0.205532,4510.87,5218.53
44239.5,25556.8,32.8462,-94.8544,0.20468,4520.09,5306.69
24705,14273.5,53.0531,-94.0613,0.202605,4513.83,5318.04
14354,8165.26,55.7246,-91.0921,0.198732,4405.9,5111.11
19576.5,11248.3,38.9014,-92.0379,0.199268,4439.08,5194.36
24803.1,14214.7,38.1841,-92.9373,0.200479,4512.88,5156.62
32650.9,18818.4,32.2727,-95.9037,0.203861,4379.77,5306.31
26138.8,15067.7,55.7712,-96.4125,0.20591,4361.63,5363.75
32577.6,18766.5,31.0245,-95.908,0.209092,4553.32,5305.23
11783.9,6708.62,34.136,-91.8479,0.20717,4188.34,6740.02
31778.9,18290.6,39.0274,-93.8595,0.210667,3943.89,7100.3
39939.8,23119.7,27.6997,-94.7586,0.203948,2367.64,7108.36
22582.4,12987.7,32.0734,-92.7398,0.207226,2335.1,4879.19
41056.1,23748.1,28.6125,-94.133,0.211448,2392.07,7183.64
29718.5,17178,55.6808,-95.1751,0.212884,2343.02,7324.19
29111.3,16758.6,24.7031,-97.8136,0.211467,2560.42,5247.94
15433.7,8829.19,27.7365,-95.1429,0.215819,4261.68,5224.01
15898.1,9178.79,27.6849,-93.7204,0.208145,4123.65,5108.31
15391.1,8867.02,29.5439,-92.7705,0.20111,2503.78,5126.08
14162.3,8112.76,53.4024,-94.3862,0.207951,2480.87,5251.4
10473.5,5998.81,69.9467,-92.1108,0.136962,2433.02,5075.37
7446.94,4215.01,64.4717,-91.7135,0.112099,1956.35,6960.65
14994.3,8528.87,30.0781,-89.6137,0.173727,2084.92,4637.49
11318.9,6401.94,26.9333,-90.4435,0.171786,2227.22,4698.44
12154.9,6865.99,40.3101,-87.9819,0.169909,1868.78,4581.18
13160.5,7441.67,32.7355,-87.6491,0.174159,2015.21,4713.36
14644.5,8296.96,28.0322,-88.818,0.175001,2105.84,4453.8
11740.8,6624.14,49.1406,-89.107,0.176777,2162.81,4555.87
31030.4,17874.5,40.8039,-93.1763,0.199757,2338.97,4987.46
28459.4,16542,31.7154,-95.4346,0.200553,4025.72,5043.1
27307.4,15832.5,47.914,-96.6299,0.201177,2460.74,5346.42
16317.8,9446.94,28.5385,-94.4748,0.203489,4058.07,5066.61
46662.1,26956.3,25.7768,-95.8917,0.205404,3466.93,7171.5
26125.1,14965.8,35.4307,-94.3445,0.204287,3909.21,5058.07
23416.5,13468.7,30.0074,-93.3796,0.207277,2519.35,5212.21
10195.6,5921.67,30.9664,-87.0451,0.162274,22050,0
7869.62,4474,61.3352,-87.0587,0.180385,22050,0
6286.82,3603.84,26.2416,-86.0503,0.194685,4399.19,5209.79
4138.34,2231.5,25.7396,-90.9114,0.231723,4562.97,6053.45
4555.57,2541.1,26.4537,-85.1373,0.171358,4203.42,5359.07
15472.1,8857.7,57.2783,-95.1496,0.224998,2185.27,6614.03
17651.6,10176.8,47.0822,-93.3395,0.217379,2256.21,5441.59
19568.4,11224.8,29.1422,-93.7736,0.219389,2283.53,5486.63
16760.7,9653.59,29.2486,-92.9234,0.227904,2387.56,5028.9
19476.9,11213.8,37.812,-92.6257,0.229241,2309.52,4955.36
22090.1,12670.1,30.9724,-93.6945,0.221059,2266.69,5438.77
16864.9,9671.01,28.6872,-92.7442,0.221813,2304.32,5183.33
18514.6,10689.2,51.9293,-93.7575,0.223341,2209.48,5402.56
12405.1,7061.37,39.8485,-92.13,0.221175,2308.49,4987.96
15017.6,8620.72,29.9281,-95.4103,0.221423,2226.93,5434.48
11410.4,6518.65,28.1364,-93.7708,0.210563,2326.81,5764.19
17397.6,10042.6,32.2075,-93.9109,0.213375,2373.52,5501.04
11372.2,6544.81,43.2273,-92.7125,0.224467,2346.54,5620.31
8325.46,4742.63,57.3559,-94.4435,0.234011,2355,5417.78
7892.12,4536.74,53.8817,-92.2502,0.234144,2283.6,5578.02
8757.89,4992.73,28.543,-92.1417,0.234024,2336.35,5433.48
11753.4,6807.31,30.224,-91.9463,0.233515,2302.9,5414.88
15189.8,8639.58,52.6211,-92.1852,0.220891,2160.8,5255.55
13229.2,7621.71,57.695,-93.657,0.244806,2712.79,5751.48
6444.09,3674.86,30.1168,-92.4643,0.245325,2548.54,5208.61
20391.3,11920.8,28.6751,-97.8075,0.205971,2004.91,5354.26
32285,18713.7,46.3745,-95.5605,0.19669,2012.93,5270.78
15916.4,9186.68,50.5982,-93.4606,0.196382,2078.87,5174.85
15887.3,9099.95,53.6419,-90.4641,0.223963,2087.77,5003.47
10224.6,5804.99,26.9915,-93.1031,0.213884,2502.6,5239.21
11597.2,6656.34,52.1544,-87.8573,0.204846,2301.06,5235.47
15109.3,8784.35,63.1054,-89.6158,0.196236,2263.95,5139.12
12019.3,6898.05,48.982,-91.5554,0.189801,2532.69,5185.21
18748.7,10870.8,54.4654,-92.9973,0.207853,2468.61,5081.39
2374.83,1275.07,25.6182,-84.0798,0.244809,2949.82,7340.03
1643.48,921.148,26.2564,-83.8099,0.257305,3977.42,7560.38
1851.87,977.548,49.7857,-83.2376,0.252484,4021.64,7328.99
1928.77,1034.18,23.2727,-83.6213,0.2515,3848.54,7466.97
1760.86,945.093,52.2,-83.6511,0.246051,4003.96,7235.99
1909.01,1030.21,50.587,-83.6608,0.244959,3772.11,7395.1
2413.76,1326.86,24.7273,-83.9167,0.254096,4123.3,7597.74
2189.42,1192.73,40.1176,-84.4385,0.21022,2613.55,7367.26
1995.99,1062.73,23.9783,-84.3971,0.238698,3810.77,7124.48
2450.33,1371.59,30.0526,-83.905,0.257625,3816.77,7357.42
1467.96,765.577,28.3125,-89.6326,0.195364,5411.92,7160.27
1622.3,882.343,54.8333,-90.6321,0.194155,500.514,7275.08
1352.28,776.347,53.5161,-91.1081,0.16692,5616.59,6482.55
1607.4,914.543,65.7778,-91.6483,0.189602,5054.49,7507.71
1475.04,845.957,24.2059,-91.6705,0.192151,512.402,7731.24
1495.21,777.852,30.8485,-91.0411,0.178594,4922.68,6126.52
1514.84,818.255,24.4118,-91.2041,0.20157,5613.81,7271.59
666.211,387.471,51.6667,-91.6721,0.245509,4049.1,9213.17
565.649,315.056,52.0667,-91.4616,0.248823,4655.77,9155.77
569.761,339.93,24.0667,-90.7496,0.247018,4971.64,8433.13
536.882,311.301,52.7333,-90.8788,0.262315,4009.09,8812.94
605.961,348.674,22.4706,-90.7017,0.253417,4467.19,8347
589.449,364.125,41.4118,-89.9411,0.209954,5363.72,8949.84
555.302,262.014,51.1538,-94.6118,0.281291,4981.2,8096.86
434.028,234.835,21,-89.9047,0.287533,4468.49,9030.56
632.786,370.085,57.2778,-89.432,0.107932,22050,0
635.166,358.953,65.5625,-93.2506,0.10274,5898.02,6056.99
711.355,455.955,24.5556,-90.7592,0.131152,4405.33,6475.97
650.013,379.366,23,-89.6627,0.0762257,24000,0
614.321,367.91,57.625,-88.8956,0.174965,3452.28,6240.66
753.195,456.688,51.1053,-88.3169,0.173495,420.458,6401.81
630.832,364.709,24.1333,-88.6034,0.177606,353.808,6452.79
764.832,436.573,25.3889,-89.5284,0.180279,413.424,6557.77
810.161,475.659,66.7895,-91.0741,0.177505,308.122,6591.12
633.968,374.329,61.5,-89.7657,0.195911,4186.71,6378.19
532.344,304.513,27.1429,-86.8176,0.207476,4204.41,7093.78
561.423,333.61,23.1333,-89.5617,0.227521,4447.93,7189.09
599.724,337.27,51.75,-89.6492,0.201991,4359.81,7151.35
566.516,309.031,42.7333,-88.5905,0.203526,4834.27,7335.91
580.594,311.69,21.9333,-88.9313,0.213492,4783.56,7319.01
493.916,218.733,42.5385,-86.0505,0.210188,3784.63,7063.29
494.112,243.182,25.6154,-85.5383,0.234211,4042.5,7466.05
572.479,287.625,53.8667,-87.9839,0.231977,4529,7228.63
611.222,317.213,21,-86.7029,0.199768,4046.34,7204.88
455.585,255.748,47.9167,-88.5041,0.253199,4277.88,8204.75
548.372,298.614,47.9231,-88.8577,0.263328,639.742,8743.13
574.757,318.75,44.2143,-88.4214,0.266292,4044.94,9168.54
618.859,344.235,31.6,-88.0918,0.274713,4336.17,8903.37
616.871,351.658,41.6667,-88.3977,0.266277,4476.96,8760.79
567.675,303.021,22.2857,-88.7343,0.273908,4306.97,8840.61
554.272,309.871,42.0714,-87.5021,0.278274,3301.98,9420.91
510.593,295.131,22,-87.4664,0.243092,3233.16,8621.76
566.818,297.134,36,-88.0326,0.26385,4132.32,8245.52
570.98,316.678,49.2857,-87.2307,0.272553,4219.58,7960.08
429.898,232.769,29.0909,-87.6023,0.262076,3649.93,8860.83
519.444,265.986,23,-87.955,0.266637,3887.92,8595.45
503.638,263.07,24.5833,-88.1253,0.257323,3980.17,8068.5
505.125,276.56,42.0769,-88.3924,0.252827,4264.94,7870.76
434.116,262.346,27.0909,-87.4481,0.239553,4034.99,8046.65
504.848,278.773,37.3846,-87.9505,0.253996,3980.99,8584.02
424.507,243.893,35.0909,-87.002,0.269497,3672.26,9002.96
491.103,282.626,39.1538,-87.6631,0.265015,3910.96,9112.14
402.024,256.378,37.9091,-86.9287,0.264794,4260.78,8786.36
462.343,267.535,48.75,-88.0084,0.263832,3358.02,8866.94
430.056,236.675,34.4545,-88.0974,0.270684,665.71,8746.05
704.06,410.701,49.1667,-90.7692,0.221644,3640.36,7094.41
776.988,431.955,39.6316,-90.4035,0.227657,1411.41,6937.23
652.042,369.891,41.1765,-91.0287,0.219856,757.472,6832.39
604.684,333.737,56.4,-90.6214,0.239575,589.851,7199.65
641.704,346.8,22,-92.4546,0.235806,3605.45,7177.52
589.549,339.995,23.0625,-91.4223,0.231315,4087,6888.56
689.184,361.764,41.6471,-90.9765,0.22828,4064.09,6685.58
650.211,353.932,27.75,-88.8692,0.243068,4017.75,7273.24
632.203,332.831,22.125,-90.0634,0.234415,3762.09,7025.77
692.256,366.946,42.3333,-90.3064,0.232589,3795.73,6910.55
715.42,400.258,25.4444,-90.1135,0.207622,3636.37,7026.45
590.078,329.338,26.2,-89.0335,0.233131,1639.27,7020.36
792.002,442.776,23.5263,-91.3335,0.246355,308.111,7809.93
792.567,451.08,46.4,-90.3043,0.258631,4335.17,7909.1
653.497,350.849,23.2353,-89.8572,0.240891,296.392,7472.2
598.959,346.627,45.9375,-90.6704,0.250091,305.468,7974.33
594.933,351.467,21.1875,-91.2143,0.249342,4162.88,7712.11
763.958,420.555,28.9474,-92.6828,0.253341,4460.91,7501.82
677.96,366.41,37.8235,-90.2169,0.260213,4435.74,7826.88
855.185,460.73,26.25,-91.1199,0.222543,305.896,7915.06
723.909,416.785,42.2105,-90.0889,0.249846,298.523,7978.71
611.638,320.482,42.8,-91.1189,0.257402,383.024,8026.1
728.003,384.641,43.4444,-97.1236,0.258967,4092.2,7313.72
780.314,418.46,58.6667,-98.3457,0.257423,3412.67,7661.09
606.192,323.983,29,-94.6633,0.232709,3943.22,7397.75
1004.5,554.804,26.8696,-85.8601,0.21575,4048.46,6385.83
1212.13,679.848,52.6667,-87.9318,0.221125,3468.51,7979.47
1248.56,712.066,71.5,-89.7453,0.214859,3511.08,7581.36
1478.59,827.871,55.2188,-88.5982,0.234619,3473.01,8780.97
1772.42,958.904,52.0541,-88.78,0.226847,3347.73,7854.55
1182.24,660.96,31.1481,-87.6396,0.228499,3000.58,9551.54
1281.83,676.295,49.3214,-87.6801,0.257017,4555.28,7561.58
1869.75,1021.72,25.3,-87.6976,0.230236,3197.91,9084.82
1348.19,741.732,48.3667,-85.0138,0.217967,3464.88,7615.96
1562.23,880.781,30.7059,-84.9555,0.210767,3558.63,7593.26
7258.28,4184.99,39.5562,-92.3983,0.145257,3004.39,3439.94
5752.79,3170.31,25.4436,-92.2565,0.142067,2939.75,3338.65
5209.55,2975.12,48.9758,-92.5278,0.146222,2831.15,3312.1
5818.46,3281.9,43.6866,-91.6863,0.147214,2966.43,3254.47
5713.66,3175.53,26.1298,-91.506,0.146819,2451.91,3317.63
4974.51,2775.59,52.0263,-91.8363,0.154682,3155.81,3417.33
5288.93,2927.31,32.3871,-95.2211,0.146818,2903.9,3332.31
5717.89,3163.45,45.5597,-92.9869,0.160277,2504.45,3411.59
6121.26,3424.76,44.4539,-93.5437,0.151055,2369.1,4002.96
6364.22,3500.95,23.8571,-93.0816,0.145849,2488.79,3328.62
5792.38,3187.58,44.2443,-94.8055,0.144696,2717.55,3352.03
4731.06,2560.05,43.9541,-97.0239,0.169019,2507.71,3555.67
5249.35,2905.96,42.6829,-94.9378,0.152837,2449.09,3356.77
5254.82,3046.16,36.7258,-93.5249,0.161305,2542.29,3496.15
5194.46,2918.75,25.3471,-92.8807,0.163837,1658.92,6691.53
5755.73,3112.54,41.8947,-93.2571,0.167052,2580.44,3446.26
5656.62,3077.62,25.1641,-93.6116,0.159077,3223.4,3399.22
5739.12,3109.21,35.3684,-93.1084,0.161272,3306.51,3459.64
4962.27,2718.89,23.3846,-93.3291,0.16627,3301.76,3423.97
5568.3,2992.39,41.1769,-93.5537,0.160387,2490.36,5175.85
5606.15,3053.71,27.7939,-92.9924,0.157046,3189.59,3510.65
5886.51,3109.86,46,-93.8247,0.153146,3285.14,3428.47
5275.12,3013.02,38.7236,-94.0093,0.155201,2500.2,3540.76
4804.84,2672.28,44.1416,-93.6629,0.157903,2483.63,5169.78
4637.43,2597.88,40.2727,-93.8274,0.161593,2470.55,4125.96
4733.74,2662.86,43.1712,-93.4028,0.153131,2490.7,4109.09
5423.25,2987.14,23.4841,-92.9049,0.146151,3238.62,3428.42
4121.28,2212.84,50.234,-94.0946,0.15814,2546.64,5069.3
4824.14,2667.17,37.8938,-95.5726,0.166179,2468.05,3518.47
4488.46,2538.4,44.6415,-94.4222,0.160705,1691.58,5110.39
4829.17,2642.78,24.7928,-99.9127,0.159877,2520,3536.57
5068.01,2711.39,24.0833,-98.5748,0.159279,3300.7,3447.21
4484.62,2412.83,26.5288,-94.0683,0.161542,2466.19,5211.75
5642.81,3104.8,32.709,-98.7622,0.147086,3076.79,3426.55
6024.87,3265.36,26.4,-94.4102,0.143154,2497.24,3351.18
4595.94,2375.96,24.0476,-100.641,0.199784,2567.73,7001.59
4533.14,2316.46,22.934,-99.5768,0.171043,2547.41,6810.43
4756.36,2686.74,23.6754,-100.614,0.169324,2591.52,6722.02
5210.51,2750.2,23.2417,-101.521,0.173186,3223.51,3462.44
5251.35,2775.57,24.7603,-99.5304,0.172682,2630.54,3544.79
4775.66,2514.86,28.6111,-99.4095,0.169329,2593.44,3520.49
4749.85,2418.74,25.566,-95.8008,0.165416,2649.02,5345.31
5377.64,2928.77,23.2656,-92.1597,0.162542,3378.29,3505.66
5235.51,2892.95,35,-93.8611,0.164107,2603.53,3611.28
5121.38,2773.09,23.4706,-91.3142,0.166459,2585.78,6860.89
4886.71,2655.11,29.2973,-91.6091,0.163908,2558.87,6744.07
5185.71,2779.1,42.4706,-90.8616,0.1585,3332.13,6759.41
5430.8,2959.05,22.6905,-90.0257,0.150052,2511.86,3434.14
6053.3,3158.33,39.6172,-87.1862,0.139374,3218.1,3393.16
5991.03,3266.28,27.4186,-86.771,0.135955,3045.26,3355.65
6801.35,3752.57,44.0915,-87.3181,0.13216,3043.98,3349.08
6300.5,3459.3,34.2761,-86.6003,0.138046,2997.67,3384.04
5276.04,2831.46,63.8559,-86.9371,0.134741,3007.5,3394.47
6465.27,3503.26,49.0143,-88.0519,0.134789,3090.08,3338.65
6118.05,3353.97,30.5038,-87.9694,0.13595,2539.88,3401.24
5233.54,2755.39,34.1982,-87.578,0.140163,3043.7,3355.99
5768.84,3044.68,28.0496,-86.7919,0.133971,3000.13,3374.37
5224.66,2965.08,27.8596,-86.7043,0.135167,2458.09,3357.55
6674.07,3591.5,28.1761,-87.7682,0.134548,2486.68,3320.87
5694.88,3023.11,27.0661,-87.7293,0.138303,3079.14,3355.65
5757.2,3195.64,28.752,-87.4868,0.138015,2446.51,3374.78
6242.25,3279.87,53.2824,-87.687,0.137999,3047.59,3386
5385.8,2872.23,26.9369,-87.8671,0.141436,3079.91,3385.41
6152.18,3395.57,53.0827,-88.2939,0.139068,2542.25,3394.05
5268.97,2778.07,34.4732,-86.6598,0.141929,3082.16,3333.4
6756.51,3549.13,25.5214,-87.4408,0.136018,2423.07,3329.71
5531.96,2949.8,30.1624,-86.895,0.142141,2999.87,3386.67
6916.42,3755.59,37.0338,-87.2889,0.130821,2839.97,3349.7
5001.37,2708.42,46.8318,-87.9151,0.140525,3068.77,3364.39
5845.77,3202.26,25.0403,-88.4167,0.141897,3127.48,3381.17
6005.05,3306.59,48.6977,-88.053,0.146326,2401.07,3382.98
6214.14,3258.54,56.5649,-88.5585,0.13579,2970.56,3376.25
5373.59,3002.6,33.2778,-93.207,0.167052,3445.66,3889.35
3687.69,1995.75,21.8506,-91.5224,0.160396,3289.58,3650.91
5331.41,2932.14,25.8016,-92.5611,0.152867,3131.87,3439.66
5768.93,3036.81,47.5338,-93.0232,0.157461,2640.96,7056.98
5243.86,2753.71,28.437,-92.4252,0.154081,3180.94,3445.84
5891.56,3166.17,29.3406,-93.0487,0.147206,3090.36,3410.5
5872.17,2988.46,27.1812,-92.5325,0.150423,3179.49,3501.44
5654.07,3101.15,43.4741,-92.791,0.147215,3127.94,3371.7
5691.24,2928.15,33.5923,-92.5692,0.14837,3170.37,3405.5
5654.84,2936.63,35.9846,-92.3567,0.149543,3031.48,3418.84
5743.92,2974.73,36.3538,-93.2691,0.162872,3203,6883.94
5187.73,2697.34,39.8403,-92.6626,0.161709,3254.52,3492.09
5541.96,2978.56,23.6899,-92.9778,0.156922,3157.8,4070.62
6124.98,3162.24,25.6597,-93.0113,0.145964,3114.07,3307.28
5388.72,2815.68,32.4677,-92.7129,0.149865,3094.06,3492.71
6417.57,3326.42,28.5705,-93.5045,0.149472,3119.65,3396.2
4822.65,2627.87,50.5565,-92.646,0.151156,3106.56,3456.59
4846.2,2508.57,42.6903,-92.3555,0.152972,3120.22,3470.61
6133.97,3219.11,31.4397,-92.9706,0.151109,3155.85,4792.47
5345.1,2791.82,26.1855,-92.5252,0.150278,3183.1,3432
3792.94,2014.88,42.2759,-91.6565,0.2175,2733.47,7112.81
3585.64,1932.17,40.6941,-91.2798,0.203749,3151.7,6321.24
3932.36,2223.78,23.5263,-91.0789,0.202539,2601.42,6103.43
4114.35,2167.89,24.8125,-90.8641,0.199857,2569.57,3632.57
4379.88,2211.42,27.0408,-91.1319,0.21207,3353.1,6058.11
3907.63,2014.67,40.3152,-91.5209,0.208199,2625.26,4946.02
3873.93,2064.34,24.4,-91.2278,0.213953,3501.76,6167
4120.36,2210.1,30.7766,-90.6048,0.176698,3093.52,3468.9
3618.6,1986.19,40.8452,-89.4683,0.216351,3241.5,3458
4834.71,2669.92,38.9554,-91.9063,0.179771,3233.63,3366.21
5575.94,3037.91,23.0538,-91.1482,0.160638,3039.38,6550.52
5650.45,3056.2,22.5039,-90.6675,0.159592,2856.46,7308.49
5431.2,3009.55,33.0472,-89.8841,0.137788,305.497,3664
5980.52,3163.48,21.9854,-89.9723,0.144516,2679.88,3605.49
3915.22,2139.27,29.2637,-87.8598,0.153599,1746.89,5296.22
5373.3,2879.12,53.8934,-86.9227,0.142703,3108.42,3640.94
6306.5,3462.81,43.9517,-90.0048,0.147119,1694.02,3978.16
3957.89,2082.59,41.8696,-92.014,0.160935,2700.33,5387.03
5472.66,2883.83,23.6825,-89.1297,0.149183,3126.75,3653.87
4798.79,2577.89,53.7345,-88.8662,0.14977,3001.4,3574.47
4428.55,2439.93,23.6893,-88.0659,0.16276,1595.86,6789.13
6308.08,3520.99,28.5034,-89.0548,0.149969,1712.09,3693.41
5156.73,2808.5,25.9333,-88.3517,0.143291,1717.88,3584.33
4080.85,1969.95,26.1446,-91.4811,0.170892,2525.35,5902.64
4230.62,2177.82,49.6742,-91.9872,0.176426,2537.72,6704.41
4147.54,2168.18,40.814,-91.5076,0.149122,3134.1,6759.54
4382.11,2217.3,49.6703,-92.2915,0.164452,2485.15,5943.83
4311.41,2143.4,43.6667,-92.3941,0.150148,3220.86,3343.77
4588.74,2414.47,43.5895,-92.1287,0.163315,3261.88,5988.07
4272.42,2184.07,53.4432,-92.4348,0.152456,2488.59,6464.66
4451.21,2163.72,48.7826,-92.2018,0.161759,2503.06,6683.06
4399.55,2281.66,25.2826,-93.3505,0.166544,2480.27,6617.68
4479.5,2217.33,25.6064,-90.8196,0.15302,3276,5799.09
4447.08,2176.72,24.2609,-91.3773,0.157345,3208,5895.41
4104.91,2144.17,46.6353,-91.714,0.143716,3113.18,3348.08
4578.5,2348.97,27.268,-92.741,0.150403,3255.94,5853.47
5065.62,2777.74,24.1441,-106.349,0.15316,1761.45,3642.03
4659.81,2583.57,23.4182,-105.15,0.152743,1697.12,3503.88
5489.16,3069.51,24.8359,-105.338,0.146511,2605.96,3481.78
4803.42,2629.19,22.5089,-105.51,0.146147,1720.33,3556.99
4980.39,2759.38,22.0085,-104.942,0.146936,2599.68,3495.6
5185.75,2794.97,26.15,-103.808,0.140471,2977.42,3448.96
4794.93,2609.75,24.0901,-103.777,0.14654,1711.11,3526.19
5059.61,2720.41,25.1271,-104.823,0.133478,3108.06,3484.6
5614.26,3098.44,22.2595,-105.974,0.136817,2590.5,3535.3
5351.53,2916.2,25.7063,-103.217,0.135202,1743.93,3515.74
4267.87,2260.09,26.87,-101.723,0.130106,1534.09,7635.12
4357.86,2154.35,38.2755,-101.351,0.128806,1552.21,4684.7
4730.8,2628.43,34.375,-98.1624,0.125907,3109.57,3391.45
4692.79,2550.67,33.0811,-97.028,0.130292,1638.78,3447.08
4662.12,2535.7,22.6972,-100.804,0.137308,2966.47,3543.61
5247.4,2818.68,21.6341,-98.8962,0.13039,1684.74,3426.79
5693.44,3083.98,46.3955,-96.775,0.122206,2602.04,3528
983311,570856,32.6405,-100.413,0.185595,2499.9,7240.68
3690.94,1988.05,22.3103,-91.2298,0.205365,3150,6326.03
4027.32,2112.79,40.234,-91.0911,0.213025,3500.51,6166.67
4367.85,2261.55,39.5052,-90.7934,0.211711,2442.37,6087.77
3446.71,1757.8,33.2297,-73.772,0.0799634,902.917,2144
2449.34,1208.65,56.4314,-78.7314,0.0736756,1185.37,1878.88
3376.51,1582.48,30.0822,-74.2497,0.0819438,855.364,3706.58
2678.58,1373.31,34.3393,-79.3797,0.119962,919.868,1145.33
5339.27,2919.53,57.2069,-80.0868,0.0723658,718.518,2491
2585.67,1207.75,50.2727,-75.8386,0.0748273,1211.05,1897.16
2140.43,982.679,31.4318,-71.0842,0.0641908,1230.19,1423.83
2048.19,1011.62,48.2045,-80.6073,0.08187,1201.71,1907.93
2695.83,1329.02,50.4138,-82.8874,0.0699729,1216.23,1926.06
4738.81,2552.02,27.0891,-76.1898,0.0678897,883.085,2823.38
2499.23,1246.67,25.9259,-77.3501,0.0566556,1185.65,1858.46
2651.93,1287.58,23.1404,-78.1182,0.0688259,1201.32,1894.74
1546.54,788.847,35.0294,-73.9774,0.0587778,1358.42,1447.99
2385.27,1192.55,49.02,-81.0779,0.0826256,1187.79,1927.65
2033.55,973.222,38.6047,-76.6327,0.0599561,1339.51,1438.95
2531.7,1335.82,44.4364,-78.91,0.0714697,1197.24,1897.16
1861.43,872.643,59.561,-76.6902,0.0610667,1335.74,1434.68
2880.08,1497.55,35.9677,-81.5526,0.0588686,1163.76,1825.27
1671.68,652.282,55.5455,-73.0238,0.0639291,1352.66,1406.76
2960.56,1443.23,49.1905,-79.1537,0.0612841,1178.26,1875.59
1595.6,739.549,47.1111,-73.5755,0.0573091,1333.53,1431.27
2570.12,1403.49,44.1667,-75.9357,0.0623407,1053.91,2041.95
1734.06,834.774,23,-75.18,0.053121,1312.1,2110.19
1486.01,808.912,27.0571,-72.0584,0.0719976,1349.17,1442.96
2829.82,1382.45,30.0984,-77.3836,0.0697997,1248.59,3708.32
1724.85,800.676,27.6216,-73.1338,0.0576219,1325.44,1426.88
4947.84,2524.14,26.7184,-79.9822,0.0558792,1172.1,1887.03
4058.08,2121.8,26.9294,-82.14,0.0687461,1191.85,1927.12
2558.39,1489.09,65.4386,-81.0483,0.0653294,953.993,1934.49
2564.82,1287.9,66.2407,-77.7292,0.053715,856.303,1411.49
1887.34,938.586,25.3902,-75.0747,0.0555198,1156.25,1867.32
1932.17,878.337,26.275,-73.6917,0.0633868,1336.69,1451.27
1372.41,669.926,38.4138,-73.3743,0.065284,1289.81,1411
2565.99,1302.41,26.7818,-78.6276,0.0655219,1169.61,1878.74
1674.46,747.098,55.5405,-77.4225,0.0691842,1244.47,1433.85
2539.58,1376.03,26.3273,-80.402,0.0656178,1192.63,1910.97
1727.02,680.15,43.5758,-76.2621,0.057649,1329.47,1429.95
5995.62,3135.52,27.3047,-84.4429,0.0873504,1072.31,4822.43
4332.48,2044.12,27.7912,-94.8798,0.131568,1226.43,7452.92
5476.7,2515.47,26.0435,-95.3957,0.116045,1267.93,5150.43
2844.04,1514.83,27.3065,-80.1342,0.112122,1122.93,1833.43
1319.98,650.553,29.1034,-72.8264,0.0582612,1316.02,1402.6
2641.6,1328.71,30.2586,-80.0058,0.057264,1199.03,1874.29
1794.4,836.505,27.7059,-74.4287,0.0536381,1298.51,1425.37
7967.77,4011.51,27.8353,-96.2619,0.1045,1247,4927.64
5210.94,2394.93,28.7963,-80.6697,0.103801,921.555,4835.84
2239.12,1099.67,27.2917,-79.4027,0.0590564,1140.22,1889.81
2491.84,1273.43,37.5556,-81.9987,0.0872378,1180.94,1853.75
4808.27,2525.91,27.0673,-82.2359,0.090982,947.495,3602.41
3432.98,1651.29,33.7361,-74.8015,0.162036,1179.93,1406.84
5304.15,2607.73,38.7168,-77.9193,0.0856187,919.215,1923.21
3463.03,1781.86,25.9437,-79.6926,0.0557321,1075.02,1866.21
3238.67,1694.25,61.4058,-78.6721,0.0563197,1089.41,1892.71
7032.39,3471.71,28.0816,-81.7969,0.0980935,932.155,1866.01
3872.25,1865.22,25.7976,-94.4232,0.102323,1223.37,6829.23
2780.63,1117.11,26.2034,-96.1224,0.135974,1247.64,5652.55
6232.76,2809.91,31.9846,-75.7118,0.175886,1283.09,3756.52
4782.45,2623.83,26.5294,-82.2812,0.0804939,929.651,4906.49
1600.04,892.661,74.6857,-77.0614,0.0479483,901.849,1262.59
2834.2,1305.79,25.8525,-94.4608,0.137432,1244.43,5073.44
1959.93,1001.56,57.1905,-79.7073,0.0835421,661.323,1382.77
4150.79,2149.43,33.3596,-77.1086,0.126244,983.722,1410.94
3478.73,1757.5,29.2192,-80.2076,0.0927503,766.049,1545.84
5027.39,2214.39,45.0583,-81.767,0.0791327,931.354,4403.87
5169.41,2422.86,32.4783,-86.3765,0.151842,1248.26,6910.23
4442.52,2324.63,30.9062,-77.7794,0.0940895,1238.59,1898.31
4034.93,1891.71,28.4235,-86.808,0.131872,1790.73,6768.62
1781.96,878.899,58.625,-80.9467,0.0983954,954.781,3761.84
3305.79,1392.01,27.3247,-93.8402,0.199358,1259.27,6971.92
3196.39,1380.49,37.029,-90.8964,0.173162,1243.47,10721.7
1912.4,917.605,29.1538,-80.5066,0.0885367,1036.21,1357.56
2992.21,1309.1,39.3594,-89.8074,0.174045,1274.96,8377.77
1988.34,1058.83,52.1429,-75.718,0.0741483,967.936,1412.83
3389.89,1534.4,30.7286,-89.2191,0.121214,1258.89,5176.22
6308.01,3028.12,34.1679,-87.8753,0.149868,949.964,5812.78
4382.3,2463.17,28.8021,-78.9022,0.126195,732.725,3520.21
1675.96,851.725,62.5833,-78.195,0.0554101,698.08,1486.91
3798.07,1888.26,25.4487,-89.3877,0.165691,1305.07,9771.86
7398.37,3357.57,32.6867,-89.5053,0.172381,1246.51,7000.94
5501.69,2824.42,32.4737,-83.7463,0.116586,951.829,6678.26
3184.51,1299.03,36.7727,-85.1285,0.16817,1906.03,6462.27
5726.84,2775.61,35.1513,-81.8596,0.114735,928.734,5816.14
1974.08,1063.25,61.1628,-77.2408,0.0870095,772.118,3696.81
2887.51,1232.9,23.6066,-80.6088,0.0998092,940.687,5818.94
9632.62,5018.38,29.1122,-89.5241,0.167032,1236.19,6709.19
6071.39,3169.62,25.6328,-87.592,0.12936,781.08,5449.85
5560.82,2685.83,37.2269,-89.5192,0.206269,1004.38,8686.39
5943.97,2757.43,33.6504,-79.4277,0.126164,1214.85,2564.46
3210.49,1688.67,24.0435,-84.9889,0.136339,1027.13,6962.48
7940.4,3767.91,28.1333,-92.3797,0.18956,3197.56,10318.2
4471.57,2431.36,42.6042,-86.3404,0.12739,745.763,5882.66
2650.21,1324.52,26.6429,-86.3768,0.109994,969.378,5735.11
5447.08,2699.99,26.2193,-84.6445,0.162549,1150.59,5861.15
4551.15,2141.29,37.6452,-87.6426,0.142084,998.253,6857.92
5381.01,2843.12,26.1949,-96.8761,0.163381,1829.02,9616.13
3447.55,1921.67,51.3553,-83.2533,0.0991191,1085.39,1831.17
4392.34,2117.75,24.914,-87.7156,0.238348,1244.43,5191.46
3835.11,1946.27,46.642,-85.4814,0.0899839,1221.26,1858.16
5641.38,2942.5,23,-87.0189,0.0657678,1252.75,1296.45
5050.85,2380.67,51.6887,-79.552,0.128177,1671.9,4054.9
7136.2,3673.61,37.0066,-88.4619,0.147553,1058.99,3672.61
3033.3,1373.13,28.7576,-81.9206,0.0837684,1184.62,1830.09
3441.91,1399.81,38.0423,-87.8958,0.163722,1199.2,6145.02
4887.57,2271.89,32.0792,-89.1256,0.160862,1236.32,7646.77
3114.57,1585.99,35.4493,-75.8174,0.173787,1199.54,4534.05
7046.53,3553.49,35.027,-82.959,0.128153,1185.29,4384.39
3129.81,1514.7,32.6406,-75.6975,0.163305,452.533,2400.39
2941.82,1455.48,42.3594,-76.5857,0.055009,1054.6,1782.59
3377.33,1440.6,31.1549,-80.2094,0.100303,1259.52,5006.13
3277.03,1548.86,34.9,-80.0471,0.207485,981.138,5998.65
3556.49,1544.22,39.1918,-84.7119,0.181005,1216.15,4995.13
4962.34,2016.39,27.8265,-85.7678,0.154589,1254.75,1919.48
5798.42,3025.18,45.0645,-79.6581,0.120265,1049.77,2645.65
3231.67,1406.67,35.6812,-73.4381,0.0742014,950.023,1452.54
3796.53,1775.96,31.2099,-78.5911,0.178229,1165.6,1363.48
3275.8,1314.37,34.3788,-80.0757,0.0909666,1196.01,1845.28
3068.82,1159.24,37.3906,-83.2768,0.103041,1263.05,1302.4
3080.3,1636.58,29.6061,-85.0281,0.0801361,1139.15,4370.54
3322.61,1590.2,29.7,-93.2329,0.162684,1233.54,6369.7
3851.96,1440.92,38.0519,-86.5299,0.169969,1226.4,6938.65
4078.84,2123.11,33.6092,-71.8617,0.0628833,1027.29,1627.51
6498.15,3482.93,28.9214,-81.801,0.117342,1235.95,1881.65
6340.82,3126.62,30.6838,-82.8798,0.197156,1237.5,1291.15
5650.59,2736.06,31.0084,-80.6773,0.105017,1197.69,4788.65
5134.29,2562.08,39.2523,-78.4428,0.109008,1282.74,4786.02
6596.82,3296.25,34.9275,-83.7189,0.130641,1138.48,4757.62
9797.15,5119.82,29.3365,-89.5136,0.127874,1781.87,5469.47
4834.63,2563.69,25.2157,-85.268,0.142125,1148.48,5931.76
11661.3,6529.47,31.08,-87.4328,0.154452,1508.99,6925.71
3801.26,2037.81,29.3704,-81.8401,0.130048,1106.86,1307.83
3390.17,1647.98,33.2778,-84.1517,0.1488,1134.55,4758.11
3241.32,1238.94,29.0571,-92.7766,0.116405,1258.89,7041.11
4154.51,1629.77,26.7907,-95.845,0.186936,1283.94,7817.69
5069.24,2703.31,30.9907,-84.775,0.182973,1175.22,5736.45
4843.11,2487.11,32.049,-76.9078,0.230927,1185.43,2474.15
6220.33,3049.8,46.5,-84.5356,0.0735643,1215,4907.45
6987.54,3434.14,27.1448,-85.2749,0.141543,1752.19,5550.91
12743.2,6622.25,30.963,-87.1163,0.146993,1812.21,6726.84
3818.09,1839.97,31.2375,-81.0025,0.121545,1881.98,3164.87
4156.96,1724.8,30.2299,-87.7705,0.171035,1214.86,6862.09
4800.53,2083.65,43.7449,-80.1378,0.0673108,1239.29,1265.06
2533.71,1212.62,36.1754,-78.154,0.0766541,1241.19,5697.98
5137.37,1922.73,31.8431,-82.1019,0.143662,1237.01,1932.98
5713.62,2952.14,31.4463,-78.1189,0.089439,1206.97,2534.64
6750.6,3196.78,35.6573,-82.9767,0.122878,1214.12,1849.33
3345.59,1714.91,32.5352,-78.3948,0.121369,1656.89,4771.97
8738.22,4511.02,33.9681,-88.159,0.143143,1886.39,5664.5
5341.28,2647.05,29.3043,-80.707,0.101744,942.205,3635.47
2985.76,1492.1,52.873,-77.5133,0.0720548,1110.13,1855.56
5957.39,2963.31,25.1746,-79.1041,0.155657,953.051,1933.9
2727.18,1203.53,46.2414,-86.3001,0.136622,1497.7,6250.52
4481.03,1877.55,34.2766,-84.3922,0.193654,1843.58,7403.73
6277.87,3019.3,31.6288,-81.0658,0.224529,1190.32,5402.94
3869.48,1769.1,28.25,-83.0985,0.191183,1490.89,6781.14
3316.77,1284.74,31.8732,-84.6635,0.174514,1227.59,6251.46
8422.32,4675.33,29.5537,-91.1978,0.214657,1596.6,9639.1
6882.19,3755.11,28.9097,-90.2245,0.190986,1573.43,9565.89
6612.31,3710.89,32.838,-88.4744,0.237106,1495.98,10029.6
6725.73,3570.95,28.1986,-89.506,0.237074,1612.91,10014.6
7317.21,4055.27,29.5425,-91.5489,0.217556,1513.84,9268.37
6862.53,3752.88,26.7379,-87.3796,0.223871,1515.06,9365.98
7708.09,4200.48,26.5215,-87.7556,0.19938,2233.41,8801.74
6696.45,3658.34,25.4823,-88.4281,0.21143,1471.13,8647.32
6504.86,3573.94,28.6232,-87.2131,0.20224,1490.66,10126.7
6294.89,3363.25,30.7803,-88.8045,0.215936,1432.78,9432.46
6537.82,3747.94,32.7482,-93.008,0.2257,2267.12,10122.9
6690.97,3711.67,24.7113,-92.7023,0.209746,2827.48,6962.55
6820.44,3852.95,28.7034,-91.7232,0.20451,2672.52,7375.32
6593.69,3657.05,26.0507,-92.4804,0.201443,2288.84,9552.62
7847.22,4363,28.5241,-91.9643,0.181174,2806.54,7547.11
8284.63,4645.84,32.75,-91.1876,0.179547,2761.03,9930.3
6876.71,3941.82,28.2095,-92.7382,0.203122,2772.56,9148.44
6438.92,3503.85,27.9485,-92.7028,0.200523,3018.23,7064.69
7043.74,3843.8,26.0743,-91.4514,0.203936,2765.77,9415.16
6697.52,3792.82,26.8681,-93.0678,0.206723,2200.01,8876.64
8124.51,4466.87,29.9474,-92.5058,0.209686,2901.12,10067.9
5696.44,3227.22,25.7705,-92.8125,0.217007,2000.85,9362.6
7837.17,4329.13,25.9455,-92.5658,0.201536,2320.96,9542.74
6298.37,3478.72,24.5909,-92.5383,0.198247,2857.98,7525.88
6785.47,3876.36,26.2414,-92.8812,0.203207,2721.46,9140.3
7813.27,4362.38,28.1198,-92.4787,0.192098,2276.28,9127.63
6712.33,3768.56,26.7394,-91.8155,0.19735,2616.64,9973.2
6913.25,3836.43,29.531,-90.5312,0.191023,1864.55,10023.7
6666.86,3760.86,29.6831,-89.8966,0.206351,1989.43,8921.59
6873.44,3742.55,29.5944,-91.0283,0.185829,2061.92,8247.67
7512.1,4206.02,29.325,-90.5925,0.188956,1511.65,9314.27
6448.4,3661.97,39.5468,-91.0204,0.19088,2642.85,6698.47
7593.64,4294.07,30.4383,-91.9318,0.191213,2683.88,9099.17
6661.28,3622.63,39.0429,-91.354,0.198012,2697.73,7832.36
6625.28,3633.88,30.9296,-89.3841,0.183596,2595.79,7162.68
7834.74,4406.33,26.5595,-89.4609,0.172066,2303.32,9348.95
7289.24,4010.53,28.8377,-89.8445,0.23963,2714.25,9394.24
6095.67,3292.75,27.2734,-88.7077,0.235405,2660.77,8225.99
6377.79,3590.37,28.1533,-89.9071,0.267804,2931.07,7785.67
6642.92,3617.06,30.2929,-90.0729,0.190077,2234.93,7083.52
7479.43,4150.34,29.195,-91.334,0.210282,2049.64,7641.56
7057.44,3926.2,28.5867,-93.0443,0.200243,2730.93,7002.61
6764.67,3605.99,27.375,-92.3936,0.201266,2628.76,6551.06
6216.95,3375.68,28.542,-91.3068,0.205284,2667.09,8814.09
7419.25,4096.46,27.3312,-92.0704,0.173472,2718.98,6579.66
6432.54,3400.66,28.9485,-85.2652,0.183542,1600.98,6087.05
6305.58,3274.37,31.8872,-85.2879,0.158586,1666.98,5666.98
5920.68,2913.99,36.6357,-81.2485,0.161731,1219.3,3690.96
7322.27,3855.32,26.8452,-87.428,0.175733,1667.28,5788.55
7539.43,4075.76,34.8951,-83.2064,0.166575,2274.29,5512.46
6789.89,3513.38,34.9014,-83.9149,0.16967,1541.98,5996.01
7509.26,3979.92,28.0314,-86.1523,0.161783,2375.61,5636.97
7105.09,3896.76,27.7843,-88.0153,0.17055,2400.74,5638.29
7044.86,3706.99,36.2953,-86.2949,0.174604,1649.88,5540.08
6172.7,3246.41,34.8615,-87.6129,0.174459,1722.7,5969.58
5645.69,2917.36,31.8034,-87.2269,0.157878,1693.06,6224.99
6263.69,3235.28,32.053,-86.713,0.186411,2004.05,6429.34
6709.53,3454.06,41.5352,-83.4326,0.196235,1609.8,5592.04
7990.2,4264.09,29.1538,-79.4992,0.207124,1572.05,5030.25
6719.82,3434.52,29.6714,-85.4746,0.170194,1491.7,6130.14
6121.35,3132.87,38.9692,-79.9918,0.146107,1399.92,5446.71
5259.93,2820.92,28.7748,-86.4054,0.149002,1705.57,6051.96
7034.88,3651.51,32.9463,-85.1985,0.171206,1503.78,5689.16
7997.74,4220.33,30.2771,-86.2436,0.167451,1451.81,5859.94
5326.3,2666.11,28.0446,-86.3761,0.210752,1836.44,5743.91
6159.88,3097.38,29.9606,-87.0515,0.239534,1823.83,5797.19
7195.83,3798.06,32.6118,-86.5982,0.199174,1732.23,5836.36
6793.5,3650.7,30.6528,-86.3017,0.177461,1494.41,5645.73
6212.79,3189.67,30.8864,-84.4413,0.196144,1535.27,5859.87
6258.73,3180.9,33.0076,-79.0309,0.15648,1377.56,5565.35
5999.54,3170.42,30.3672,-85.7085,0.19113,1468.11,5624.18
5809.74,2991.63,29.5455,-86.6021,0.191814,1508.23,5669.88
6174.37,3291.21,28.3664,-84.8717,0.173579,1507.55,5721.41
6215.89,3330.85,30.5303,-87.3912,0.164991,1632.17,6135.38
5198.04,2849.46,28.3364,-88.8425,0.187274,1642.49,6046.83
6015.1,3143.28,31.5476,-85.0783,0.17947,1556.68,5698.53
6663.83,3620.27,31.2837,-85.9051,0.230429,2534.2,6418.43
6558.44,3394.14,27.6739,-86.8502,0.173241,1820.67,5932.16
4780.18,2236.21,30.8367,-84.9526,0.168239,1613.55,6263.78
4962.29,2645.47,31.3524,-87.5098,0.17929,2657.36,6374.33
5474.45,2843.48,30.887,-86.99,0.196111,2503.07,5655.42
5457,2763.41,29,-84.8289,0.201676,1613.41,6265.62
6060.11,3202.49,26.2677,-87.4666,0.182046,2656.8,6375.52
5463.52,2863.21,28.6897,-87.0536,0.193169,2502.41,5655.84
6027.02,3110.24,29.5118,-84.4323,0.206267,1583.02,4308.91
7568.87,4187.15,27.1173,-86.9179,0.240163,1343.98,6288.47
5868.72,3087.43,28.704,-86.5305,0.233037,1545.92,6133.36
6451.41,3476.02,28.7536,-85.2393,0.22763,1515.77,6620.38
5300.69,2708.7,26.5357,-86.2817,0.222538,1660.03,6014.52
6489.14,3360.16,29.2296,-85.733,0.221963,1661.93,6379.11
6418.62,3378.51,28.3383,-87.0346,0.226323,1829.72,6040.71
5617.14,2975.21,30.3025,-87.5356,0.173263,2554.07,6143.75
7195.49,3877.95,28.7303,-87.9707,0.184366,2261.16,6112.4
6926.29,3590.83,28.4236,-87.6798,0.242696,1909.71,5918.55
7437.08,3850.1,30.1753,-86.2796,0.228043,1602.06,6027.65
6011.97,3146.32,32.3701,-86.5704,0.172095,1689.61,6760.42
7003.05,3507.25,27.5646,-81.8669,0.193914,1805.87,5843.03
7355.46,3818.63,29.7325,-84.6032,0.192369,1171.82,5873.53
6479.16,3306.51,26.1324,-81.8599,0.11328,1062.72,4882.98
5765.57,3040.57,34.1575,-78.4442,0.183239,1202.07,4528
7723.02,4068.89,32.3804,-82.7543,0.181203,1072.01,5720.45
9050.35,5015.83,33.776,-76.3686,0.152942,1269.37,3448.4
3797.03,2151.62,34.9506,-86.5788,0.224037,2382.5,2549.8
3650.08,2053.74,33.8205,-86.5892,0.218091,2453.83,2609.01
4152.05,2310.09,33.0682,-87.0387,0.231723,2436.75,2605.49
3790.52,2151.35,33.3333,-86.8126,0.247418,2441.52,2611.93
3774.15,2198.61,35.1235,-86.5255,0.264136,2444.62,2611.93
3486.05,1937.12,35.8919,-86.4135,0.273995,2453.91,2622.91
4605.28,2638.94,37.6837,-87.1771,0.276496,2464.1,2617.95
4158.06,2307.58,35.9545,-87.4517,0.205791,2453.77,2619.64
3677.2,2080.87,36.0769,-86.5177,0.234997,2450.6,2612.24
3833.81,2182.64,37.9383,-86.7225,0.22773,2450.81,2624.32
5550.35,3177.12,34.0339,-87.5891,0.257779,2468.73,2628.07
5102,2897.61,36.3796,-87.3654,0.244421,2467.73,2625.74
4238.49,2387.52,40.4396,-87.0665,0.246098,2467.75,2621.99
5873.75,3265.16,39.384,-88.7603,0.261933,2455.87,2624.69
4012.67,2199.64,40.0706,-87.2886,0.234849,2468.71,2626.35
4290.82,2435.32,34.5604,-87.1081,0.263584,2481.38,2638.36
4371.34,2437.9,35.9011,-87.3863,0.229344,2489.79,2649.53
4610.43,2602.16,38.4286,-87.5601,0.188248,2464.1,2633.33
4274.06,2379.99,36.8022,-87.4761,0.217798,2464.86,2632.85
4969.98,2794.76,35.0762,-87.1369,0.241817,2473.04,2631.35
3517.07,1946.38,32.2027,-86.5955,0.229263,2453.74,2619.35
3186.12,1816.47,37.9853,-86.0964,0.225407,2461.35,2636.1
3671.93,2076.3,37.1154,-86.3347,0.243551,2469.99,2628.41
7289.73,4151.17,55.6051,-77.6954,0.0476729,2286.7,2460.76
6250.51,3522.32,34.1111,-77.276,0.0499127,2332.47,2457.29
5969.57,3382.65,37.2283,-77.4012,0.0491925,2335.59,2461.84
5233.59,2943.88,35.6161,-77.1517,0.0544921,2284.76,2360.77
7027.51,4024.65,39.34,-77.0114,0.0487302,2250.18,2370.91
5220.76,2962.12,56.4107,-76.0111,0.0463437,2258.03,2385.47
7379.56,4191.63,50.2675,-76.9746,0.046011,2336.28,2481.6
7800.88,4457.6,26.7576,-76.8796,0.0465227,2300.16,2428.2
5891.6,3366.68,27.8504,-76.9748,0.0513295,2288.25,2402.66
6981.93,3999.93,24.8933,-77.1528,0.0522584,2273.66,2412.83
7353.84,4199.08,56.2293,-77.2104,0.0527629,2344.19,2483.12
3364.21,1917.43,38.2911,-80.077,0.105294,2437.01,2609.94
4013.81,2243.49,30.3871,-80.1652,0.101813,2292.39,2479.35
3954.9,2292.29,59.5054,-80.3891,0.101942,2360.27,2560.8
4032.18,2284.99,40.828,-80.2532,0.0945008,2343.87,2544.39
3815.78,2138.98,39.8876,-80.1137,0.108448,2350.42,2573.06
3799.47,2136.45,50.6966,-80.023,0.115542,2375.79,2573.06
3775.24,2185.17,34.3933,-79.8737,0.118482,2384.24,2539.24
4596.48,2615.29,28.5888,-80.1917,0.120946,2393.24,2552.95
4486.37,2572.99,27.6117,-80.2722,0.114312,2346.88,2507.23
4535.5,2611.85,30.1402,-80.4681,0.112419,2292.13,2496.45
4255.56,2450.85,43.37,-80.402,0.109038,2297.35,2506.2
3988.63,2292.79,36.7419,-80.0839,0.121298,2327.76,2517.45
3773.37,2135.91,34.9888,-79.9224,0.121605,2339,2502.45
3581.95,1979.94,32.6098,-79.8151,0.11676,2410.69,2588.35
3503.76,2006.16,26.0732,-79.8137,0.118783,2395.54,2603.85
3985.07,2237.49,39.3979,-80.0452,0.116013,2341.31,2430.73
4262,2404.97,28.96,-80.4994,0.11754,2340.12,2445.81
4530.56,2534.27,36.2621,-80.3207,0.119656,2337.16,2436.77
3063.95,1736.66,27.169,-79.3995,0.121016,2448.24,2546.87
3293.12,1831.2,40.076,-83.6091,0.0856957,2449.47,2573.53
3160.33,1733.95,44.8356,-83.2311,0.0830973,2456.94,2578.4
3325.77,1768.73,59.6493,-84.034,0.0860662,2457.27,2699.4
3164.19,1742.68,31.1096,-83.4534,0.0926975,2467.35,2602.69
2572.39,1429.97,31.3548,-83.1703,0.0885735,2466.36,2584.98
3474.26,1865.93,44.7778,-83.1264,0.0760809,2488.52,2590.66
2488.01,1400.75,42.0678,-82.3788,0.0844474,2315.92,2549.21
3122.52,1661.91,59.72,-83.6696,0.0767586,2610.36,2714.78
3389.99,1913.97,37.4444,-84.197,0.0962942,2442.09,2646.37
3394.68,1876.51,28.1358,-83.2665,0.0813448,2686.61,2748.51
4333.51,2391.48,22.1584,-85.7399,0.0964833,6489.24,7364.08
3641.06,2040.22,30.1548,-85.6817,0.122811,304.2,7551.31
3279.76,1806.54,38.4342,-85.5749,0.12144,5925.51,7191.48
285571,165939,26.5757,-96.508,0.0563139,6997.81,7453.49
3009.63,1701.18,34.3056,-87.4965,0.124443,6852.9,7554.69
2505.37,1351.41,24.0847,-87.2962,0.134963,6228.79,7161.83
3415.47,1896.19,42.95,-86.857,0.110842,6096.83,7424.82
2356.01,1289.57,23.9455,-89.272,0.148252,6097.47,7460.11
3029.85,1691.54,52.7917,-88.0124,0.113383,414.052,7491.53
2295.53,1266.23,45.2,-87.3827,0.151805,6107.28,7470.07
2688.04,1481.12,23.4444,-85.7624,0.11587,302.218,7471.95
2788.41,1591.22,56.8676,-87.7296,0.13357,309.434,7650.11
2473.44,1372.05,24.6102,-85.9722,0.134493,298.261,7354.26
3042.86,1667.55,34.25,-88.6864,0.135344,5996.73,7526.62
3671.68,2049.01,53.6548,-86.566,0.100095,6516.87,7599.54
2694.56,1488.73,53.3968,-88.0657,0.147971,5984.72,7237.33
4350.68,2403.72,23.5842,-89.0906,0.0927638,616.366,7314.38
3888.04,2212.39,29.7097,-85.6699,0.106363,309.093,7247.42
3046.98,1729.58,47.9028,-86.0457,0.127775,6887.45,7287.43
4907.05,2752.26,21.7456,-86.8591,0.0774471,5896.35,7416.28
3048.18,1686.92,27.3056,-85.7925,0.114815,298.257,7621.36
4538.92,2526.86,51.4095,-86.4323,0.0880809,6203.54,7518.21
3620.97,1997.32,24.3214,-86.1654,0.0987421,5440.17,7349.01
3940.65,2264.3,27.1294,-90.6848,0.187913,6403.76,7756.29
3687.47,2136.86,44.0125,-90.9632,0.16021,346.684,8414.97
4134.86,2390.86,25.2222,-90.652,0.11696,299.755,7874.87
4472.08,2504.04,34,-90.9091,0.113237,302.554,7757.6
3407.97,1969.51,53.5333,-89.8012,0.167869,6867.71,7876.18
2968.35,1705.79,41.1385,-89.5297,0.201455,306.424,7928.24
3879.15,2266.02,34.5882,-88.6939,0.16398,302.39,7455.99
4271.91,2487.6,31.8925,-89.1406,0.148737,309.938,7522.07
5515.93,3202.07,43.6975,-89.6164,0.148586,404.465,7411.66
4754.75,2708.83,34.5784,-89.2946,0.163879,360.698,7493.13
4391.52,2476.77,42.7312,-89.7441,0.159742,423.133,7635.26
5597.33,3181.05,34.4622,-89.7103,0.157711,315.511,7381.68
6336.12,3620.28,32.7037,-90.7398,0.171273,305.721,7748.63
6648.11,3837.05,33.5764,-90.6981,0.153933,605.123,7357.38
5116.04,2932.87,35.6545,-89.8486,0.160815,645.351,7443.2
9740.01,5514.27,30.2188,-87.9287,0.164515,1935.14,4143.22
8919.91,4985.07,35.6699,-86.4556,0.166298,1936.09,4315.69
8939.58,5052.03,26.3835,-87.9687,0.152125,1726.52,5298.97
9040.76,5181.17,28.1148,-88.55,0.146304,1939.2,5305.26
8616.25,4905.25,31.9208,-87.3857,0.160801,1970.09,4757.74
9260.41,5254.53,24.1429,-89.3092,0.145229,1757.85,5474.77
10664.9,6078.75,31.5935,-89.8214,0.157399,1972.61,5953.46
9868.77,5489.22,31.0848,-87.4487,0.160503,1723.69,4301.95
9872.77,5480.37,27.0268,-89.1687,0.147771,1932.86,5350.03
10801.1,6038.85,33.5935,-90.4586,0.15447,1724.16,5387.36
13737.3,7798.06,26.8495,-90.5749,0.116231,300.176,8030.9
8250.29,4697.29,33.9058,-90.5628,0.147002,5817.49,8106.76
7400.33,4122.25,32.2176,-90.1121,0.161338,5934.81,7618.89
9244.93,5107.74,31.615,-90.3897,0.13658,5866.41,8372.33
9274.27,5131.65,31.9155,-89.1694,0.147645,6020.82,8095.33
12107.7,6742.27,28.5942,-90.9892,0.123093,597.514,8060.55
5260.5,2979.48,28.4016,-90.4122,0.172268,6162.07,8029.55
6678.44,3831.32,28.5125,-91.436,0.168419,5761.4,8073.19
7174.75,3897.31,26.6485,-92.8833,0.162298,5774.85,7948.22
